question,question_ids,answer,answer_ids,base_loss,search_method,best_prompt,best_prompt_ids,prompt_length,prompted_loss,base_correct,prompt_correct,question_length
" 28,","[204, 2086, 204, 23]", 201,"[204, 626]",0.6796875,base,,[],0,0.6796875,True,True,4
" senior officials. In addition, a group of protesters began a peaceful sit @-@ in that day. So Sau Chung, veteran campaign","[6259, 6732, 204, 25, 529, 1594, 204, 23, 241, 1408, 275, 28991, 3465, 241, 14792, 1400, 204, 43, 24, 43, 272, 325, 1002, 204, 25, 1300, 16053, 59762, 204, 23, 15283, 3942]",er (,"[246, 204, 19]",2.03125,gcg,Ring,"[40923, 35398, 531, 11804, 57780, 50035, 64561, 60254, 10807, 20423, 25121, 56887, 44729, 2878, 46084, 1827, 34571, 23138, 21911, 10554, 63661, 44225, 35944, 26950, 37472, 55991, 10819, 4506, 34288, 458, 557, 58448, 61481, 39225, 49465, 60073, 1494, 60890, 33869, 20997, 54599, 18347, 28940, 7487, 63874, 3566, 14784, 17754, 35233, 21466, 7506, 2746, 18503, 44501, 30602, 12239, 20, 2273, 36105, 14172, 12358, 64159, 43570, 45055]",64,0.5625,False,True,32
