question,question_ids,answer,answer_ids,base_loss,search_method,best_prompt,best_prompt_ids,prompt_length,prompted_loss,base_correct,prompt_correct,question_length
" on his superior army, to entice Mondragón into a pitched battle, planning to use an ambush to draw the Spanish army into a","[313, 545, 8975, 9950, 204, 23, 271, 47110, 26654, 1860, 137, 123, 89, 679, 241, 31410, 6201, 204, 23, 4042, 271, 745, 267, 5407, 1519, 271, 3181, 248, 8693, 9950, 679, 241]",ceived,8806,19.5,gcg, Soviet,"[16023, 11952, 26747, 51451, 18517, 25532, 37481, 11530, 27354, 24]",10,9.1875,False,False,32
 ( submersible ) ,"[204, 19, 3823, 358, 840, 204, 20, 204]",Yours,65013,24.75,gcg, Wyn,"[54148, 39961, 19348, 42282, 52534, 28064, 64198, 781, 46393, 48525]",10,12.9375,False,False,8
" 325 @,@ 571 which is 1 @.@ 2 % of its","[204, 23794, 204, 43, 23, 43, 204, 46147, 585, 304, 204, 28, 204, 43, 25, 43, 204, 29, 204, 16, 275, 701]", Burg,26414,16.625,gcg, Deus,"[47569, 18009, 26414, 3143]",4,0.93359375,False,True,22
 ICASA announced that it would hold public hearings on,"[12871, 48447, 4734, 325, 334, 631, 1975, 1202, 32196, 313]",120,5959,17.0,gcg, Ryder,"[38147, 9737, 53949, 5959, 51836, 52714]",6,1.21875,False,True,10
" Church is representative of a "" simple design and","[5222, 304, 11093, 275, 241, 204, 13, 2299, 1168, 273]",Validate,56661,20.625,gcg, and,"[273, 23451, 32802, 31535, 8609, 18156, 41406, 50738, 21387, 13590]",10,0.8515625,False,True,10
