question,question_ids,answer,answer_ids,base_loss,search_method,best_prompt,best_prompt_ids,prompt_length,prompted_loss,base_correct,prompt_correct,question_length
ets lineup during their 2015 postseason run to the World Series . While Murphy cooled off in the World Series against the Kansas,"[1691, 1196, 786, 2645, 1009, 29871, 29906, 29900, 29896, 29945, 1400, 25682, 1065, 304, 278, 2787, 10488, 869, 5806, 7487, 11461, 1302, 29877, 839, 1283, 297, 278, 2787, 10488, 2750, 278, 20029]",mig,29542,19.646564483642578,gcg,bian,"[22863, 16539, 17748, 23047, 26432, 8229, 23535, 23955, 19023, 14854]",10,6.533792495727539,False,False,32
markings or grey crown . Its upperparts and head are brown with darker streaks around the mantle,"[2791, 886, 470, 18345, 20844, 869, 8011, 7568, 20895, 322, 2343, 526, 17354, 411, 6501, 261, 12243, 10327, 2820, 278, 13694, 280]",dentro,16018,22.77716827392578,gcg,gle,"[6234, 14507, 26340, 9518, 10583, 31633, 29918, 2629, 17927, 16018]",10,2.9723103046417236,False,False,22
postwar use of nuclear energy . The committee was,"[1400, 4495, 671, 310, 20346, 5864, 869, 450, 21118, 471]",lord,18120,14.288047790527344,gcg,was,"[471, 18120, 3331, 30619]",4,0.6880097985267639,False,True,10
Coggins 's works are in the Anne S. K. Brown,"[315, 468, 29887, 1144, 525, 29879, 1736, 526, 297, 278, 10558, 317, 29889, 476, 29889, 9817]",side,2625,18.35725975036621,gcg,Leopold,"[23146, 7075, 2625, 3743, 26875, 7456, 24873, 4485]",8,0.5194688439369202,False,True,16
"1649 , the army and the","[29871, 29896, 29953, 29946, 29929, 1919, 278, 9987, 322, 278]",Gesellschaft,18626,16.06615447998047,gcg,spatial,"[18652, 5004, 7286, 18626, 30210, 11667]",6,1.643287181854248,False,True,10
